index_1based,uid,notebook,domain,complexity_band,processing_success,visualization_success,vi_score,judge_trials
1,c1b95253-3b6a-4a04-b6ec-a5ab4dc1c4bd,Classifying_TESS_flares_with_CNNs.ipynb,Simulation and modeling,short,False,True,,"['No Error', 'No Error', 'No Error']"
2,9cc4b7c6-5e7d-48aa-8fc3-7eaa088dc84f,Classifying_TESS_flares_with_CNNs.ipynb,Simulation and modeling,long,True,False,1.0,"['Crash', 'Crash', 'Crash']"
4,47e8e149-b8b5-4343-8aec-2325694f04f6,hscv3_api.ipynb,Photometry,long,False,True,,"['Minor Error', 'Minor Error', 'Minor Error']"
10,c775d8bc-edd4-4c57-9294-a631b382ddcd,CoaddTutorial.ipynb,Spectroscopy,medium,True,False,1.0,"['Crash', 'Crash', 'Crash']"
18,17a02a01-af49-4ee7-b017-d0c71acdb57b,NIRCam_PSF_matched_multiband_photometry.ipynb,Photometry,long,False,False,,"['Crash', 'Crash', 'Crash']"
21,7fd80af6-da2b-40a5-91e4-d44e6ff805dd,cube_fitting.ipynb,Spectroscopy,long,False,False,,"['Crash', 'Crash', 'Crash']"
25,58c24ca3-a524-4b8c-ba3b-d8d0fe1ab253,miri_photutils.ipynb,Photometry,short,True,False,1.0,"['Crash', 'Crash', 'Crash']"
30,7d56c314-8d6c-439e-ba64-bc803ce897e8,Interpreting_CNNs.ipynb,Simulation and modeling,long,False,True,,"['VisFail', 'VisFail', 'VisFail']"
31,2e1a9726-5b3b-4da3-99b7-4419cf891159,Interpreting_CNNs.ipynb,Simulation and modeling,long,False,True,,"['VisFail', 'VisFail', 'VisFail']"
33,2197f927-5def-4303-96e1-3aec9ae4a74e,How_to_use_SDSS_Data.ipynb,Spectroscopy,short,False,True,,"['Major Error', 'Major Error', 'Major Error']"
44,85369b15-43ed-4de1-996e-f215f31fd9cb,BaryonicAcousticOscillation_BOSSDR12.ipynb,Cosmology and large-scale structure,short,True,False,0.0,"['Crash', 'Crash', 'Crash']"
45,c8ab6aa2-8e9c-4d03-a60e-11554e29d664,BaryonicAcousticOscillation_BOSSDR12.ipynb,Cosmology and large-scale structure,medium,False,False,,"['Crash', 'Crash', 'Crash']"
49,ec751b1b-48e9-4248-9bb8-dd080498e33f,Intro_Machine_Learning_practical.ipynb,Simulation and modeling,medium,False,True,,"['No Error', 'No Error', 'No Error']"
51,a37aec5d-d6f1-4000-8648-3bade2959adf,Intro_Machine_Learning_practical.ipynb,Simulation and modeling,short,True,True,1.0,"['No Error', 'No Error', 'No Error']"
52,0e5bf331-b921-4e21-9fe1-6ec06ce0c66d,MaNGA_HST_tutorial.ipynb,Spectroscopy,short,True,False,,"['Crash', 'Crash', 'Crash']"
56,c62dc8ee-0bec-4b41-9549-acd1e2d3af50,isha_nayak_ysos_in_the_lmc.ipynb,Photometry,medium,False,False,,"['Crash', 'Crash', 'Crash']"
70,497dc2ce-5d8f-4501-8bae-5d231b306acc,miri_spacephot.ipynb,Photometry,short,True,False,1.0,"['Crash', 'Crash', 'Crash']"
75,002f11b3-627d-4b95-ae2e-067d056da5d7,custom_ccd_darks.ipynb,Image processing,short,True,True,0.0,"['Major Error', 'Major Error', 'Major Error']"
83,355af9d3-179a-4e3d-af73-472fb3c0799d,02_Cross_correlation_template.ipynb,Spectroscopy,short,False,False,,"['Crash', 'Crash', 'Crash']"
95,238220a8-8cdc-41ab-93a8-0ae0ec62fd15,mask_satellite.ipynb,Image processing,short,True,True,0.0,"['Major Error', 'Major Error', 'Major Error']"
102,dbaf0eac-4de5-4c4c-8721-13c9c4432cb8,LargeScaleStructureSdssLs.ipynb,Cosmology and large-scale structure,short,False,True,,"['Minor Error', 'Minor Error', 'Minor Error']"
108,627613e5-84a4-467b-a166-ec9ec5bfca11,03_Spatially_resolved_emission_line_map.ipynb,Spectroscopy,medium,False,True,,"['No Error', 'No Error', 'No Error']"
112,afd81858-3389-483b-a0d7-d3d74cf7e876,beginner_search.ipynb,Time-series analysis,long,False,False,,"['Crash', 'Crash', 'Crash']"
141,9537fb6f-f1c5-4f40-a1d8-5d5bcb45e3b8,beginner_how_to_use_tp.ipynb,Image processing,medium,False,True,,"['VisFail', 'VisFail', 'VisFail']"
144,f7850e8d-b4cd-41e5-8b9c-3522000cfea7,WFC3_UVIS_Pixel_Area_Map_Corrections_for_Subarrays.ipynb,Image processing,short,False,False,,"['Crash', 'Crash', 'Crash']"
146,d4804e8e-80b5-4417-b3a2-e3f508100129,TVB_flattenramp_notebook.ipynb,Image processing,medium,True,True,0.0,"['Major Error', 'Major Error', 'Major Error']"
149,33295b64-6b01-4666-bc42-99f8bd05735c,M31WithPhat.ipynb,Photometry,medium,False,True,,"['Major Error', 'Major Error', 'Major Error']"
162,d8a30a5e-6a09-4661-beae-0e0c221efa57,hyperspectral_healpix_maps.ipynb,Cosmology and large-scale structure,long,False,False,,"['Crash', 'Crash', 'Crash']"
163,7744c49c-18d4-4cf8-b732-7fe76fc4437a,hyperspectral_healpix_maps.ipynb,Cosmology and large-scale structure,short,True,False,0.0,"['Crash', 'Crash', 'Crash']"
172,fb50a146-7c98-4b44-ab0b-82ac586332ff,instrumental_noise_4_electronic_noise.ipynb,Time-series analysis,short,True,False,,"['Crash', 'Crash', 'Crash']"
176,89a5d0de-2406-4a5b-9d0a-ddeb202b5788,removing_instrumental_noise_using_pld.ipynb,Time-series analysis,short,True,True,,"['No Error', 'No Error', 'No Error']"
186,fa664ea9-1590-4bad-829a-382d6fb0fb6c,00_Optimal_extraction.ipynb,Spectroscopy,medium,False,True,,"['Minor Error', 'Minor Error', 'Minor Error']"
199,aae368e7-e901-4911-a3b5-4eda45859116,removing_scattered_light_using_regression.ipynb,Time-series analysis,long,False,False,,"['Crash', 'Crash', 'Crash']"
219,188c4b77-354f-4e75-9acb-820db4944f83,HCV_API_demo.ipynb,Time-series analysis,long,True,False,0.0,"['Crash', 'Crash', 'Crash']"
222,87220ab7-b49f-4e68-b27e-9ab51bbda809,miri_1028.ipynb,Photometry,medium,False,True,,"['Minor Error', 'Minor Error', 'Minor Error']"
238,80831816-3a6a-44c3-8c03-f4c1d9dbf206,NIRCam_multiband_photometry.ipynb,Photometry,short,True,True,1.0,"['Major Error', 'Major Error', 'Major Error']"
246,23aa6396-1e0e-4f88-a2cc-51f6989938bd,instrumental_noise_2_spurious_signals_and_time_sampling_effects.ipynb,Time-series analysis,short,True,True,,"['No Error', 'No Error', 'No Error']"
253,5c60db9b-c287-4a84-a61b-715487d1c845,StarGalQsoLSDR9.ipynb,Photometry,long,False,True,,"['No Error', 'No Error', 'No Error']"
256,eca69933-152c-41a2-a3dc-38d8c48b9d4f,Regressing_3D-HST_galaxy_redshift_with_decision_trees.ipynb,Simulation and modeling,short,False,True,,"['Minor Error', 'Minor Error', 'Minor Error']"
261,625a8a7c-0dce-4316-8085-1f41771b7201,Regressing_3D-HST_galaxy_redshift_with_decision_trees.ipynb,Simulation and modeling,medium,True,True,0.0,"['Major Error', 'Major Error', 'Major Error']"
264,160f483a-5273-4f5f-a993-df3217e2394e,PS1_image.ipynb,Image processing,long,False,True,,"['VisFail', 'VisFail', 'VisFail']"
269,76d5d28c-b147-4312-97ad-75e9056ba3b6,ExploringSMASHDR2.ipynb,Photometry,medium,False,True,,"['VisFail', 'VisFail', 'VisFail']"
272,8b7ac5df-b70f-4125-a4e0-b5c2626c471f,asteroid_rotation.ipynb,Time-series analysis,medium,False,False,,"['Crash', 'Crash', 'Crash']"
277,a570878c-8f42-48f7-9819-2713d9d0bb29,ifu_optimal.ipynb,Spectroscopy,long,False,False,,"['Crash', 'Crash', 'Crash']"
281,4cbe0a87-8bf8-4bed-a99d-4c3085287986,Low_Count_Uncertainties.ipynb,Spectroscopy,short,True,False,,"['Crash', 'Crash', 'Crash']"
286,48f1992d-36e1-4459-bdc4-5add59da05e9,acs_findsat_mrt_example.ipynb,Image processing,long,False,False,,"['Crash', 'Crash', 'Crash']"
294,41d15f0f-d58b-4b8d-bd8b-4b2d085b2e97,instrumental_noise_1_data_gaps_and_quality_flags.ipynb,Time-series analysis,medium,False,True,,"['Major Error', 'Major Error', 'Major Error']"
297,dd7d9594-d70d-4218-9a16-17aca965718d,lightkurve_custom_aperture_photometry.ipynb,Photometry,short,False,False,,"['Crash', 'Crash', 'Crash']"
305,7e3490f5-1574-4cf8-80ea-327ee709f40b,GalacticStructureDECaPS.ipynb,Cosmology and large-scale structure,medium,False,True,,"['Major Error', 'Major Error', 'Major Error']"
314,d2bbf16f-061d-4f23-9b29-fd6d29effe2f,measuring_a_rotation_period.ipynb,Time-series analysis,medium,False,False,,"['Crash', 'Crash', 'Crash']"
320,07079aeb-c8f4-4ea3-aa04-7c926bd1dc9e,TPF.ipynb,Image processing,medium,True,True,0.0,"['Minor Error', 'Minor Error', 'Minor Error']"
331,7788e881-9e90-47b3-8c05-25de5f330ae7,LSF.ipynb,Spectroscopy,long,False,True,,"['Major Error', 'Major Error', 'Major Error']"
336,951db797-6b07-4686-9fba-7ce477df2876,Classifying_PanSTARRS_sources_with_unsupervised_learning.ipynb,Simulation and modeling,medium,False,True,,"['VisFail', 'VisFail', 'VisFail']"
341,07c8eb39-2946-4a2c-aa7a-84b28c1eaf47,miri_1028_photutils.ipynb,Photometry,long,False,False,,"['Crash', 'Crash', 'Crash']"
343,4469562e-cc01-40e1-896c-a262585b2767,how_to_understand_and_manipulate_the_periodogram_of_an_oscillating_star.ipynb,Time-series analysis,short,True,True,,"['No Error', 'No Error', 'No Error']"
351,2128e9c3-4b3a-4833-a430-48d9c8cbf1eb,Milky_Way_Analogues_LS_DR9.ipynb,Cosmology and large-scale structure,long,False,True,,"['VisFail', 'VisFail', 'VisFail']"
352,1ff69f41-f150-4f7a-be05-63c99df0318e,plotting_images_from_tpf.ipynb,Image processing,short,True,False,0.0,"['Crash', 'Crash', 'Crash']"
362,c8b33d23-e294-4cf1-a001-6cf62c5dcf97,How_to_use_the_File_Services.ipynb,Image processing,long,False,False,,"['Crash', 'Crash', 'Crash']"
370,41adb5f6-deda-40bf-8479-0d96facfc207,Large_Scale_Structure_of_the_Universe.ipynb,Cosmology and large-scale structure,short,True,True,0.0,"['Major Error', 'Major Error', 'Major Error']"
378,c4764483-281e-493c-b064-4abd55c8eb73,beginner_tour_lc_tp.ipynb,Time-series analysis,long,False,True,,"['VisFail', 'VisFail', 'VisFail']"
380,bd5ddae7-a452-4dad-a9cf-c95873249434,instrumental_noise_3_seasonal_and_detector_effects.ipynb,Time-series analysis,medium,False,False,,"['Crash', 'Crash', 'Crash']"
386,86f7a70c-9cf8-4742-8aa4-9515a2de55cb,Palomar5InNSCGaia.ipynb,Cosmology and large-scale structure,medium,False,True,,"['Major Error', 'Major Error', 'Major Error']"
388,50da158f-4fa9-4dc8-82ad-1b1797e52677,Palomar5InNSCGaia.ipynb,Cosmology and large-scale structure,long,False,True,,"['Major Error', 'Major Error', 'Major Error']"
395,3340a274-e53f-444c-bb13-81a3c21101d0,StellarStreamDESDR1.ipynb,Cosmology and large-scale structure,medium,True,True,0.0,"['VisFail', 'VisFail', 'VisFail']"
397,e8f3a414-1dfb-4765-b3bc-9a0afbf5efb2,StellarStreamDESDR1.ipynb,Cosmology and large-scale structure,long,False,True,,"['Minor Error', 'Minor Error', 'Minor Error']"
402,5e7897c0-f287-4023-a900-f45d165c0ee2,02_DESI_SDSS_Comparison.ipynb,Spectroscopy,medium,False,False,,"['Crash', 'Crash', 'Crash']"
403,cfb0ed17-4c2a-4425-aa0f-df3275072a58,02_DESI_SDSS_Comparison.ipynb,Spectroscopy,long,False,False,,"['Crash', 'Crash', 'Crash']"
407,ef078b25-1a76-44e0-a045-9dc5afdd5131,00_niriss_mast_query_data_setup.ipynb,Image processing,long,True,True,1.0,"['Major Error', 'Major Error', 'Major Error']"
408,395134b0-eeaa-462f-b45a-cd2dc80b6d26,acs_focus_diverse_epsfs.ipynb,Simulation and modeling,short,False,False,,"['Crash', 'Crash', 'Crash']"
409,5d5b3425-21aa-4a5e-b23d-17c571582b91,acs_focus_diverse_epsfs.ipynb,Simulation and modeling,medium,True,True,0.0,"['Minor Error', 'Minor Error', 'Minor Error']"
430,cb97c3f7-3b6a-466c-abd6-1721d25be091,acs_sbc_dark_analysis.ipynb,Image processing,medium,True,True,1.0,"['VisFail', 'VisFail', 'VisFail']"
432,47ea8025-f66f-43cf-b991-58d384722dfc,interm_tess_prf_retrieve.ipynb,Simulation and modeling,long,True,True,0.0,"['Minor Error', 'Minor Error', 'Minor Error']"
